Van Cortlandt Park,park
Seton Falls Park,park
Pelham Bay Park,park
Saint  Raymond's Cemetery,cemetery
Ferry Point Park,park
Sound View Park,park
Zoo/Wildlife Conser. Park,park
Saint Mary's Park,park
Fort Tryon Park,park
Marcus Garvey Park,park
Randall's Island Park,park
Ward's Island Park,park
Owls Head Park,park
Dyker Beach Park,park
Canarsie Beach Park,park
Baisley Pond Park,park
Roy Wilkins Park,park
Linden Hill Cemetery,cemetery
Mount Hebron Cemetery,cemetery
Clearview Park,park
Alley Pond Park,park
New Calvary Cemetery,cemetery
Silver Lake Park,park
Clove Lakes Park,park
Great Kills Park,park
Blue Heron Park,park
Wolfe's Pond Park,park
Conference House Park,park
47th Street - The Diamond District,tourist spot
9/11 Memorial & Museum,tourist spot
Abyssinian Baptist Church,tourist spot
Alice Austen House Museum,tourist spot
Alice Tully Hall,tourist spot
Alvin Ailey American Dance Theate,tourist spot
American Girl Place,tourist spot
American Museum of Natural History,tourist spot
Apollo Theater,tourist spot
arts>Brookfield Place,tourist spot
Barclays Center,tourist spot
Bartow-Pell Mansion Museum,tourist spot
Bateaux New York,tourist spot
Bronx Brewery,tourist spot
Bronx Library Center,tourist spot
Bronx Zoo,tourist spot
Brooklyn Botanic Garden,tourist spot
Brooklyn Bridge,tourist spot
Brooklyn Heights Promenade,tourist spot
Brooklyn Historical Society,tourist spot
Brooklyn Navy Yard,tourist spot
Brooklyn Nets,tourist spot
Brooklyn Public Library,tourist spot
Calvary Cemetery,tourist spot
Carnegie Hall,tourist spot
Cathedral Church of St. John the Divine,tourist spot
Central Park Conservancy—Official Central Park Tours,tourist spot
Charles A. Dana Discovery Center/Harlem Meer,tourist spot
Chelsea Craft Brewing Company,tourist spot
Chelsea Piers Sports & Entertainment Complex,tourist spot
Chrysler Building,tourist spot
Circle Line Downtown,tourist spot
Circle Line Sightseeing Cruises,tourist spot
City Hall,tourist spot
City Hall Park,tourist spot
Classic Harbor Line LLC,tourist spot
Clove Lakes Park,tourist spot
Coney Island Brewing Company,tourist spot
Coney Island Circus Sideshow,tourist spot
Delacorte Theate,tourist spot
Douglaston Golf Course,tourist spot
Duffy Square,tourist spot
Ellis Island,tourist spot
Ellis Island National Museum of Immigration,tourist spot
Ellis Island/American Family Immigration History Center,tourist spot
Empire State Building Experience,tourist spot
FDNY Fire Zone,tourist spot
Flatiron Building,tourist spot
Flushing Meadows Corona Park,tourist spot
Fort Tryon Park,tourist spot
Governors Island,tourist spot
Gramercy Park,tourist spot
Grand Army Plaza,tourist spot
Grand Army Plaza Memorial Arch,tourist spot
Grand Central Terminal,tourist spot
Green-Wood Cemetery,tourist spot
Greenbelt Nature Center,tourist spot
Gulliver's Gate,tourist spot
Hell Gate Bridge,tourist spot
Hershey's Chocolate World Times Square,tourist spot
Historic Richmond Town,tourist spot
Holographic Studios,tourist spot
Hunters Point Community Library,tourist spot
"Intrepid Sea, Air & Space Museum",tourist spot
Irish Hunger Memorial,tourist spot
Jacqueline Kennedy Onassis Reservoir,tourist spot
James A. Farley Post Office,tourist spot
Jane's Carousel,tourist spot
Jazz at Lincoln Center,tourist spot
Jeffrey's Hook Lighthouse,tourist spot
Loeb Central Park Boathouse,tourist spot
Luna Park at Coney Island,tourist spot
Macy's Herald Square,tourist spot
Madison Square Garden,tourist spot
Mahayana Buddhist Temple,tourist spot
McCarren Park,tourist spot
Museum at Eldridge Street Synagogue,tourist spot
Museum Mile,tourist spot
Museum of American Finance,tourist spot
Mystery Room NYC,tourist spot
National Geographic Encounter: Ocean Odyssey,tourist spot
National Parks of New York Harbor,tourist spot
New York Botanical Garden,tourist spot
New York City FC,tourist spot
New York Giants,tourist spot
New York Hall of Science,tourist spot
New York Knicks,tourist spot
"New York Public Library, Stephen A. Schwarzman Building",tourist spot
New York Rangers,tourist spot
New York Transit Museum,tourist spot
New York Wheel,tourist spot
New York Yankees,tourist spot
Official NYC Information Center at Macy's Herald Square,tourist spot
Old Stone House,tourist spot
One World Observatory,tourist spot
Parachute Jump,tourist spot
Paradise Theater,tourist spot
Pepsi-Cola Sign,tourist spot
Plymouth Church of the Pilgrims,tourist spot
Poe Park,tourist spot
Prospect Park,tourist spot
Prospect Park Audubon Center,tourist spot
Prospect Park Carousel,tourist spot
Prospect Park Lake,tourist spot
Prospect Park Litchfield Villa,tourist spot
Prospect Park Zoo,tourist spot
Queens Museum,tourist spot
Queens Zoo,tourist spot
Queensboro Bridge,tourist spot
Radio City Music Hall,tourist spot
Resorts World Casino New York City,tourist spot
Ripley's Believe It or Not! Times Square,tourist spot
Riverside Park,tourist spot
Rockefeller Center,tourist spot
Roosevelt Island,tourist spot
Roundabout Theatre Company,tourist spot
Sail the Park,tourist spot
Schomburg Center for Research in Black Culture,tourist spot
SeaGlass Carousel,tourist spot
Seaport District NYC,tourist spot
"Sheep Meadow, Central Park",tourist spot
Sleep No More,tourist spot
Socrates Sculpture Park,tourist spot
Solomon R. Guggenheim Museum,tourist spot
South Street Seaport Museum,tourist spot
Spirit of New York,tourist spot
St. Patrick's Cathedral,tourist spot
St. Patrick’s Old Cathedra,tourist spot
St. Paul's Chapel,tourist spot
Staten Island Borough Hall,tourist spot
Staten Island Ferry,tourist spot
Staten Island September 11 Memorial,tourist spot
Staten Island Yankees,tourist spot
Staten Island Zoo,tourist spot
Statue of Liberty National Monument,tourist spot
Strawberry Fields/Imagine Mosaic,tourist spot
The Church of St. Luke in the Fields,tourist spot
The Cyclone,tourist spot
The Frick Collection,tourist spot
The High Line,tourist spot
The Met Breuer,tourist spot
The Met Cloisters,tourist spot
The Met Fifth Avenue,tourist spot
The Metropolitan Opera,tourist spot
The Museum of Modern Art (MoMA),tourist spot
The New York Chinese Scholar's Garden,tourist spot
The New York Pass,tourist spot
The New-York Historical Society,tourist spot
The PIT,tourist spot
The Plaza Hotel,tourist spot
The Ride,tourist spot
The Rink at Rockefeller Center,tourist spot
The Riverside Church New York City,tourist spot
The Tenement Museum,tourist spot
The Thunderbolt,tourist spot
The Tour at NBC Studios,tourist spot
The Town Hall,tourist spot
Theodore Roosevelt Birthplace,tourist spot
Times Square,tourist spot
Top of the Rock Observation Deck,tourist spot
Turtle Pond,tourist spot
Underpenny Plane and Cast Iron Museum,tourist spot
United Nations,tourist spot
United Palace House of Inspiration,tourist spot
USTA Billie Jean King National Tennis Center,tourist spot
Van Cortlandt House Museum,tourist spot
Verrazano-Narrows Bridge,tourist spot
Victorian Gardens Amusement Park (Central Park),tourist spot
VR World NYC,tourist spot
Wall Street,tourist spot
Washington Square Park,tourist spot
Waterfront at Brookfield Place,tourist spot
Wave Hill,tourist spot
Wildlife Conservation Society,tourist spot
Williamsburg Bridge,tourist spot
Woodlawn Cemetery,tourist spot
World Trade Center Transportation Hub,tourist spot
Wyckoff Farmhouse Museum,tourist spot
African Burial Ground National Monument,tourist spot
Manhattan Bridge,tourist spot
Conservatory Garden,tourist spot
Mount Vernon Hotel Museum & Garden,tourist spot
St. George Theatre,tourist spot
Explorer Pass,tourist spot
Wollman Rink,tourist spot
Friedsam Memorial Carousel,tourist spot
Japan Society,tourist spot
FDNY Fire Zone Rockefeller Center ,tourist spot
TimeLooper`,tourist spot
"On Location Tours, Inc.",tourist spot
Snug Harbor Cultural Center & Botanical Garden,tourist spot
Voilà Chocolat,tourist spot
Central Park Zoo,tourist spot
Asser Levy/Seaside Park,tourist spot
Woolworth Building,tourist spot
Brookfield Place,tourist spot
New York Mets,tourist spot
Onassis Cultural Center New York,tourist spot
Official NYC Information Center–South Street Seaport,tourist spot
Fort Wadsworth,tourist spot
Deno's Wonder Wheel Amusement Park,tourist spot
Bethesda Terrace/Fountain,tourist spot
George Washington Bridge,tourist spot
The Public Theate,tourist spot
Washington Street between Front and Water Streets,tourist spot
Brooklyn Bridge Park,tourist spot
Tompkins Square Park,tourist spot
Lincoln Center for the Performing Arts,tourist spot
National Park Service,tourist spot
Belvedere Castle,tourist spot
Sunset Park,tourist spot
Official NYC Information Center (Times Square),tourist spot
Morris-Jumel Mansion,tourist spot
Conservatory Water,tourist spot
Madame Tussauds New York,tourist spot
Whitney Museum of American Art,tourist spot
Coney Island History Project,tourist spot
United Palace Theatre,tourist spot
Central Park,tourist spot
Bank of America Winter Village at Bryant Park,tourist spot
New York City Ballet,tourist spot
Museum of Sex,tourist spot
Coney Island,tourist spot
Unbreakable Kimmy Schmidt Apartment,tourist spot
Bryant Park,tourist spot
New York Rangers,tourist spot
Citi Field,tourist spot
Queens Botanical Garden,tourist spot
Prospect Park Bandshell,tourist spot
Prospect Park Concert Grove,tourist spot
The Mall and Literary Walk,tourist spot
IFC Center,tourist spot
Andrew Heiskell Braille and Talking Book Library,tourist spot
Brooklyn Borough Hall,tourist spot
New York Aquarium,tourist spot
Yankee Stadium,tourist spot
High Bridge,tourist spot
One World Trade Center,tourist spot
9/11 Memorial Museum Store,tourist spot
Madison Square Park,tourist spot
New York Philharmonic,tourist spot
Gracie Mansion,tourist spot
Trinity Wall Street,tourist spot
Brooklyn Cyclones,tourist spot
Bronx Zoo Treetop Adventure,tourist spot
West 4th Street Courts,tourist spot
Staten Island Yankees,tourist spot
Manhattan by Sail,tourist spot
Manhattan by Sail,tourist spot
Museum of American Finance,tourist spot
New York Stock Exchange,tourist spot
Hook & Ladder Company 8,tourist spot
Grand Masonic Lodge of New York,tourist spot
St. Mark’s Place,tourist spot
Franklin D. Roosevelt Four Freedoms Park,tourist spot
Gray Line CitySightseeing New York Bus Tours,tourist spot
Abracadabra Superstore,tourist spot
Brooklyn Brewery,tourist spot
Kingsland Homestead,tourist spot
French Institute Alliance Française,tourist spot
Commodore Barry Park,tourist spot
Saint Augustine's Episcopal Church,tourist spot
Casa Belvedere,tourist spot
Merchant's House Museum,tourist spot
Kissena Park,tourist spot
Alley Pond Park,tourist spot
The Battery,tourist spot
Emmanuel Baptist Church,tourist spot
UNICEF House—Danny Kaye Visitors Centre,tourist spot
St. Ann & The Holy Trinity Church,tourist spot
Hoodwinked Escape,tourist spot
Flatbush Dutch Reformed Church,tourist spot
Staten Island Supreme Courthouse,tourist spot
Adam Yauch Park,tourist spot
Islamic Cultural Center of New York,tourist spot
Roosevelt House Public Policy Institute at Hunter College,tourist spot
Old Quaker Meeting House,tourist spot
Go Select NYC,tourist spot
Weeksville Heritage Center,tourist spot
The Sightseeing Pass,tourist spot
Hudson Yards New York,tourist spot
Castle Clinton National Monument,tourist spot
34th Street Partnership,tourist spot
General Grant National Memorial,tourist spot
"Pier 25, Hudson River Park",tourist spot
55 Central Park West,tourist spot
Sara D. Roosevelt Park,tourist spot
Central Park Arsenal,tourist spot
InterChurch Center,tourist spot
Sakura Park,tourist spot
Pelham Bay Park,tourist spot
Hudson River Park,tourist spot
LIC Flea & Food,tourist spot
Grant's Tomb,tourist spot
Gravesend Cemetery,tourist spot
Piers 92/94 New York,tourist spot
New York Marble Cemetery,tourist spot
New York City AIDS Memorial,tourist spot
Peter Jay Sharp Theater at Julliard,tourist spot
Chester A. Arthur House,tourist spot
Chateau Stables,tourist spot
LIC Beer Project,tourist spot
Central Park's Rumsey Playfield,tourist spot
Christie’s Auction House,tourist spot
Lasker Rink,tourist spot
Marble Collegiate Church,tourist spot
Riverdale Park,tourist spot
Brooklyn Army Terminal,tourist spot
NYC Department of Records and Information Services,tourist spot
City Ice Pavilion,tourist spot
Floyd Bennett Field,tourist spot
69th Regiment Armory,tourist spot
Federal Hall National Memorial,tourist spot
Scandinavia House: The Nordic Center in America,tourist spot
NYRR RunCenter Featuring the New Balance Run Hub,tourist spot
Bowling Green Park,tourist spot
New York City Horse Carriages,tourist spot
New York Public Library for the Performing Arts,tourist spot
Empire Stores,tourist spot
Central Park Bandshell,tourist spot
The Players Theatre,tourist spot
Lefferts Historic House,tourist spot
Ford Amphitheater at Coney Island Boardwalk,tourist spot
MetLife Building,tourist spot
Valentine-Varian House,tourist spot
Bronx Council on the Arts,tourist spot
NFL Experience Times Square,tourist spot
Randall's Island Park,tourist spot
Ed Sullivan Theater,tourist spot
Essex Street Market,tourist spot
The Conference House Museum,tourist spot
Pier 45,tourist spot
Riverbank State Park Ice Rink,tourist spot
American Stock Exchange Building,tourist spot
Pier 40,tourist spot
Long Island City Partnership,tourist spot
"The Great Hall, Cooper Union",tourist spot
Czech Center New York,tourist spot
The Malcolm X and Dr. Betty Shabazz Memorial & Educational Center,tourist spot
79th Street Boat Basin,tourist spot
New York City Center,tourist spot
Electric Lady Studios,tourist spot
Harlem Park to Park,tourist spot
St. Bartholomew's Church,tourist spot
Kissena Golf Course,tourist spot
Riverside Park South,tourist spot
Poets House,tourist spot
Facility Name,health
La Clinica Del Barrio,health
Elmhurst Hospital Center,health
Ida G. Israel Community Health Center,health
South Queens Community Health Center,health
Melrose Houses Child Health Clinic,health
Daniel Webster Houses Child Health Clinic,health
Segundo Ruiz Belvis Diagnostic & Treatment Center,health
Parsons Communicare Clinic,health
Queens Hospital Center,health
Cumberland Diagnostic & Treatment Center,health
Junction Boulevard Child Health Clinic,health
Woodhull Medical and Mental Health Center,health
Eleanor Roosevelt Houses Child Health Clinic,health
Jacobi Medical Center,health
Metropolitan Hospital Center,health
Bushwick Communicare,health
Lafayette Houses Child Health Clinic,health
East New York Diagnostic & Treatment Center,health
Williamsburg Child Health Clinic,health
North Central Bronx Hospital,health
Harlem Hospital Center,health
Sydenham Health Center,health
Dr. Susan Smith McKinney Nursing and Rehabilitation Center,health
Lincoln  Medical &  Mental Health Center,health
Corona Child Health Clinic,health
Sea View Hospital Rehabilitation Center & Home,health
Springfield Gardens Medical Center,health
Segundo Ruiz Belvis Diagnostic & Treatment Center,health
Morrisania Diagnostic & Treatment Center,health
Renaissance Health Care Network Diagnostic & Treatment Center,health
Washington Heights Child Health Care Center,health
Jacobi Medical Center,health
Cumberland Diagnostic & Treatment Center,health
Renaissance Health Care Network Diagnostic & Treatment Center,health
Kings County Hospital Center,health
Coler-Goldwater Specialty Hospital and Nursing Facility/Coler Campus,health
Kings County Hospital Center,health
Bellevue Hospital Center,health
Roberto Clemente Health Center,health
Jonathan Williams Houses Child Health Clinic,health
Grant Houses Clinic,health
Dyckman Clinica De Las Americas,health
East New York Diagnostic & Treatment Center,health
Brownsville Child Health Clinic,health
Coney Island Hospital,health
Williamsburg Health Center,health
Stapleton Child Health Clinic,health
Elmhurst Hospital Center,health
Homecrest Child Health Clinic,health
Mariner's Harbor Houses Child Health Clinic,health
Judson Health Center,health
Metropolitan Hospital Center,health
Gunhill Health Center,health
Greenpoint Community Health Center,health
Queens Hospital Center,health
Gouverneur Healthcare Services,health
Gouverneur Diagnostic & Treatment Center,health
Gouverneur Healthcare Services,health
Fort Greene Child Health Clinic,health
Coler-Goldwater Specialty Hospital and Nursing Facility/Goldwater Campus,health
Sutter Avenue Child Health Clinic,health
Drew Hamilton Houses Health Center,health
Woodside Houses Child Health Clinic,health
Lincoln Medical and Mental Health Center,health
Harlem Hospital Center,health
Coney Island Hospital,health
Health Center at Tremont,health
North Central Bronx Hospital,health
Crown Heights Child Health Clinic,health
Baruch Houses Family Health Center,health
Manhattanville/St. Nicholas Houses Child Health Care Center,health
Sumner Avenue Houses Child Health Clinic,health
Woodhull Medical and Mental Health Center,health
Bushwick Community Health Center,health
Bellevue Hospital Center,health
Ridgewood Communicare Clinic,health
Smith Communicare Health Center,health
Morrisania Diagnostic & Treatment Center,health
FacilityName,fire station
Engine 4/Ladder 15,fire station
Engine 10/Ladder 10,fire station
Engine 6,fire station
Engine 7/Ladder 1/Battalion 1/Manhattan Borough Command,fire station
Ladder 8,fire station
Engine 9/Ladder 6,fire station
Engine 15/Ladder 18/Battalion 4,fire station
Engine 28/Ladder 11,fire station
Engine 5,fire station
Engine 55,fire station
Ladder 20/Division 1,fire station
Engine 24/Ladder 5/Battalion 2,fire station
Engine 33/Ladder 9,fire station
Ladder 3/Battalion 6,fire station
Squad 18,fire station
Engine 34/Ladder 21,fire station
Engine 26,fire station
Engine 3/Ladder 12/Battalion 7,fire station
Engine 1/Ladder 24,fire station
Engine 14,fire station
Engine 16 / Ladder 7 ,fire station
Engine 21,fire station
Engine 54/Ladder 4/Battalion 9,fire station
Engine 23,fire station
Rescue 1,fire station
Engine 40/Ladder 35,fire station
Ladder 25/District Office 4/Division 3,fire station
Engine 74,fire station
Engine 65,fire station
Engine 8 / Ladder 2 / Battalion 8,fire station
Engine 39/Ladder 16,fire station
Engine 44,fire station
Engine 22/Ladder 13/Battalion 10,fire station
Engine 58/Ladder 26,fire station
Engine 53/Ladder 43,fire station
Engine 91,fire station
Engine 35/Ladder 14,fire station
Engine 76/Ladder 22/Battalion 11,fire station
Engine 47,fire station
Engine 59/Ladder 30,fire station
Engine 37/Ladder 40,fire station
Engine 69/Ladder 28/Battalion 16,fire station
Engine 80/Ladder 23,fire station
Engine 84/Ladder 34,fire station
Engine 67,fire station
Engine 93/Ladder 45/Battalion 13,fire station
Engine 95/Ladder 36,fire station
Marine 1,fire station
Engine 60/Ladder 17/Battalion 14,fire station
Squad 41,fire station
Engine 71/Ladder 55/Division 6,fire station
Engine 50/Ladder 19,fire station
Engine 92/Ladder 44/Battalion 17,fire station
EMS Station 17 ,fire station
Engine 68/Ladder 49,fire station
EMS Station 26,fire station
Engine 73/Ladder 42/Battalion 26,fire station
Engine 94/Ladder 48/Battalion 3,fire station
Engine 42,fire station
Engine 43/Ladder 59,fire station
Rescue 3,fire station
"Engine 46, Ladder 27",fire station
"Bronx Borough Command, District Office 6 & 7 ",fire station
Engine 82/Ladder 31,fire station
Engine 48/Ladder 56/Division 7,fire station
Engine 88/Ladder 38,fire station
Engine 45/Ladder 58/Battalion 18,fire station
Engine 75/Ladder 33/Battalion 19,fire station
Engine 81/Ladder 46,fire station
Engine 79/Ladder 37/Battalion 27,fire station
  Engine 96/Ladder 54,fire station
Engine 64/Ladder 47/District Office 7,fire station
Engine 90/Ladder 41,fire station
Squad 61/Battalion 20,fire station
Engine 97,fire station
Engine 62/Ladder 32,fire station
Engine 38/Ladder 51,fire station
Engine 63/Ladder 39/Battalion 15,fire station
Engine 66/Ladder 61,fire station
Engine 89/Ladder 50,fire station
Engine 72,fire station
Engine 70/Ladder 53,fire station
Engine 207/Ladder 110/Battalion 31/Division 11/Brooklyn Borough Command,fire station
Engine 226,fire station
Engine 205/Ladder 118,fire station
Engine 224,fire station
Engine 279/Ladder 131,fire station
Engine 202/Ladder 101/Battalion 32,fire station
Engine 228,fire station
Engine 201/Ladder 114/Battalion 40,fire station
Squad 1,fire station
Engine 239,fire station
Engine 220/Ladder 122,fire station
Ladder 105,fire station
Engine 280/Ladder 132,fire station
Rescue 2,fire station
Engine 234/Ladder 123/Battalion 38,fire station
Engine 227,fire station
Engine 233/Ladder 176,fire station
Engine 217,fire station
Engine 222/Battalion 37,fire station
Engine 214/Ladder 111,fire station
Engine 230,fire station
Engine 235/Battalion 57,fire station
Ladder 102,fire station
Marine 6,fire station
Engine 210,fire station
Engine 211/Ladder 119,fire station
Engine 221/Ladder 104,fire station
Engine 216/Ladder 108/Battalion 35,fire station
Engine 238/Ladder 106,fire station
Engine 229/Ladder 146,fire station
Engine 206,fire station
Engine 237,fire station
Engine 218,fire station
Engine 271/Ladder 124/Battalion 28,fire station
Engine 277/Ladder 112,fire station
Squad 252,fire station
Engine 231/Ladder 120/Battalion 44,fire station
Engine 283/Division 15,fire station
Engine 332/Ladder 175,fire station
Engine 290/Ladder 103,fire station
Engine 236,fire station
Engine 225/Ladder 107/Battalion 39,fire station
Engine 310/Ladder 174/Battalion 58,fire station
Engine 249/Ladder 113,fire station
Engine 248,fire station
Engine 281/Ladder 147,fire station
Engine 255/Ladder 157,fire station
Engine 240/Battalion 48,fire station
Engine 282/Ladder 148,fire station
Engine 247,fire station
Engine 241/Ladder 109,fire station
Engine 242,fire station
Engine 284/Ladder 149,fire station
Engine 243/Ladder 168/Battalion 42,fire station
Engine 250,fire station
Engine 330/Ladder 172 ,fire station
Engine 276/Ladder 156/Battalion 33,fire station
Engine 253,fire station
Engine 318/Ladder 166,fire station
Engine 254/Ladder 153,fire station
Engine 245/Ladder 161/Battalion 43,fire station
Engine 257/Ladder 170,fire station
Engine 323,fire station
Engine 309/Ladder 159,fire station
Engine 246/Ladder 169,fire station
Engine 321,fire station
Engine 258/Ladder 115,fire station
Engine 325/Ladder 163,fire station
Engine 259/Ladder 128/Battalion 45,fire station
Engine 260,fire station
Engine 261/Ladder 116,fire station
Engine 262,fire station
Engine 263/Ladder 117/Battalion 49,fire station
Engine 312,fire station
Engine 307/Ladder 154,fire station
Engine 289/Ladder 138,fire station
Engine 316,fire station
Engine 324/Division 14,fire station
Eng 292/Rescue 4,fire station
Squad 288/Hazmat 1,fire station
Engine 287/Ladder 136/Battalion 46,fire station
Engine 291/Ladder 140,fire station
Engine 305/Ladder 151,fire station
Engine 286/Ladder 135,fire station
Engine 319,fire station
Engine 297/Ladder 130,fire station
Engine 295/Ladder 144,fire station
Engine 273/Ladder 129,fire station
Engine 274/Battalion 52,fire station
Engine 320/Ladder 167,fire station
Engine 306/Battalion 53,fire station
Engine 315/Ladder 125,fire station
Engine 299/Ladder 152,fire station
Engine 326/Ladder 160,fire station
Engine 313/Ladder 164,fire station
Engine 251,fire station
Engine 293,fire station
Engine 285/Ladder 142,fire station
Ladder 143,fire station
Squad 270/Division 13,fire station
Engine 308/Battalion 51,fire station
Engine 298/Ladder 127/Battalion 50,fire station
Engine 303/Ladder 126,fire station
Engine 275,fire station
Engine 301/Ladder 150,fire station
Engine 304/Ladder 162,fire station
Engine 302/Ladder 155,fire station
Engine 317/Ladder 165/Battalion 54,fire station
Engine 311/Ladder 158,fire station
Engine 314,fire station
Engine 331/Ladder 173,fire station
Engine 264/Engine 328/Ladder 134,fire station
Engine 265/Ladder 121/Battalion 47 EMS Station 47,fire station
Engine 266/Battalion 47,fire station
Engine 268/Ladder 137,fire station
Engine 329,fire station
Marine 9,fire station
Engine 155/Ladder 78,fire station
Ladder 79/Battalion 22,fire station
Engine 156,fire station
Engine 163/Ladder 83,fire station
Engine 153/Ladder 77,fire station
Engine 165/Ladder 85,fire station
Engine 157/Ladder 80,fire station
Engine 158,fire station
Engine 166/Ladder 86,fire station
Engine 154/District Office 8/ Staten Island Borough Command,fire station
Engine 152/Battalion 21,fire station
Engine 161/Ladder 81,fire station
Engine 160/Rescue 5/Division 8,fire station
Engine 159,fire station
Engine 162/Ladder 82/Battalion 23,fire station
Engine 167/Ladder 87,fire station
Engine 164/Ladder 84,fire station
Engine 168/EMS Station 23,fire station
Engine 151/Ladder 76,fire station
precinct 2,police station
precinct 3,police station
precinct 5,police station
precinct 6,police station
precinct 7,police station
precinct 8,police station
precinct 10,police station
precinct 12,police station
precinct 4,police station
precinct 1,police station
precinct 9,police station
precinct 11,police station
